process_step,average_duration_minutes
confirm,5577.242425852977
start,1843.8753300564858
step_1,824.8415375291065
step_3,777.592230097586
step_2,452.59567715434815
